treatment,outcome,ate,placebo_ate,rcc_ate,placebo_passes,rcc_robust
monthlyrevenue,churn,0.0003021593362741992,-2.2062787928062155e-05,0.0003017079790584465,True,True
percchangeminutes,churn,-3.486383856909914e-05,1.4327010854575662e-06,-3.481623262899247e-05,True,True
monthsinservice,churn,0.0004419020688359865,5.857503183592239e-05,0.0004417746725455085,True,True
droppedcalls,churn,0.00039549618122791674,-2.865044632923697e-05,0.0003970817286005457,True,True
