treatment,outcome,ate,placebo_ate,rcc_ate,placebo_passes,rcc_robust
monthlyrevenue,churn,0.00030215933627442126,-2.206278792808436e-05,0.00030170797905842983,True,True
percchangeminutes,churn,-3.486383856909914e-05,1.4327010854575662e-06,-3.481623262899247e-05,True,True
monthsinservice,churn,0.00044190206883631955,5.857503183596679e-05,0.00044177467254550293,True,True
droppedcalls,churn,0.0003954961812276947,-2.8650446329225866e-05,0.00039708172860066784,True,True
